{"cameraMode":{"drawMode":0,"name":"Shaded","section":"Shading Mode"},"sceneLighting":true,"audioPlay":false,"sceneViewState":{"showFog":true,"showMaterialUpdate":false,"showSkybox":true,"showFlares":true,"showImageEffects":true,"showParticleSystems":true},"in2DMode":false,"pivot":{"x":23.472564697265626,"y":68.91149139404297,"z":2.125213623046875},"rotation":{"x":0.0801725909113884,"y":0.6131953001022339,"z":-0.06277566403150559,"w":0.7833780646324158},"size":913.2743530273438,"orthographic":true}