{"cameraMode":{"drawMode":0,"name":"Shaded","section":"Shading Mode"},"sceneLighting":false,"audioPlay":false,"sceneViewState":{"showFog":true,"showMaterialUpdate":false,"showSkybox":false,"showFlares":true,"showImageEffects":true,"showParticleSystems":true},"in2DMode":false,"pivot":{"x":-1.66009521484375,"y":65.0498046875,"z":-2.7828369140625},"rotation":{"x":0.0801725909113884,"y":0.6131953001022339,"z":-0.06277566403150559,"w":0.7833780646324158},"size":1003.8512573242188,"orthographic":true}